,elevation,mindate,maxdate,latitude,name,datacoverage,id,elevationUnit,longitude
0,579.1,1995-01-01,2021-12-23,40.3983,"ARBUCKLE BASIN CALIFORNIA, CA US",0.9389,GHCND:USR0000CABS,METERS,-122.8333
1,792.5,1995-01-01,2021-12-12,34.4458,"ACTON CALIFORNIA, CA US",0.9952,GHCND:USR0000CACT,METERS,-118.2
2,1310.6,1994-04-11,2021-12-23,39.6514,"ALDER SPRINGS CALIFORNIA, CA US",0.9739,GHCND:USR0000CALD,METERS,-122.7236
3,622.1,2001-04-09,2021-12-23,32.8336,"ALPINE CALIFORNIA, CA US",0.9972,GHCND:USR0000CALP,METERS,-116.7392
4,196.6,1998-02-18,2021-12-23,37.3581,"LOS ALTOS CALIFORNIA, CA US",0.9266,GHCND:USR0000CALT,METERS,-122.1472
5,1194.8,1995-01-01,2021-12-23,33.555,"ANZA CALIFORNIA, CA US",0.9959,GHCND:USR0000CANZ,METERS,-116.673
6,281.3,1991-07-08,2021-12-23,40.1867,"ALDER POINT CALIFORNIA, CA US",0.9643,GHCND:USR0000CAPT,METERS,-123.5903
7,298.7,1996-05-07,2021-12-23,36.23,"ARROYO SECO MT. DIABLO CALIF, CA US",0.9934,GHCND:USR0000CARR,METERS,-121.4917
8,975.4,1989-11-13,2021-12-23,41.2769,"ASH CREEK CALIFORNIA, CA US",0.9028,GHCND:USR0000CASC,METERS,-121.9794
9,1432.6,2000-10-05,2021-12-23,40.8892,"BACKBONE CALIFORNIA, CA US",0.9423,GHCND:USR0000CBAC,METERS,-123.1422
10,1426.5,1989-01-17,2021-12-23,38.9056,"BALD MOUNTAIN LOC CALIFORNIA, CA US",0.9609,GHCND:USR0000CBAL,METERS,-120.6972
11,378.0,1997-01-14,2021-12-23,38.0281,"BARNABY CALIFORNIA, CA US",0.9615,GHCND:USR0000CBAR,METERS,-122.7022
12,963.2,1999-09-30,2021-12-23,37.2319,"BATTERSON CALIFORNIA, CA US",0.9988,GHCND:USR0000CBAT,METERS,-119.5083
13,457.2,1989-11-13,2021-12-23,40.7333,"BIG BAR CALIFORNIA, CA US",0.9593,GHCND:USR0000CBBR,METERS,-123.2333
14,213.4,1993-04-04,2021-12-23,33.5417,"BELL CANYON CALIFORNIA, CA US",0.9734,GHCND:USR0000CBCN,METERS,-117.5917
15,163.7,2002-12-13,2021-12-23,35.8644,"BRADLEY CALIFORNIA, CA US",0.9991,GHCND:USR0000CBDY,METERS,-120.8031
16,2507.9,1991-10-15,2021-12-23,35.8842,"BEAR PEAK CALIFORNIA, CA US",0.9904,GHCND:USR0000CBEA,METERS,-118.0517
17,1661.2,1994-05-09,2021-12-23,37.8431,"BENTON CALIFORNIA, CA US",0.9961,GHCND:USR0000CBEN,METERS,-118.4778
18,793.7,2003-08-04,2021-12-23,33.9306,"BEAUMONT CALIFORNIA, CA US",0.9948,GHCND:USR0000CBEU,METERS,-116.95
19,384.0,1997-11-06,2021-12-23,34.125,"BEVERLY HILLS CALIFORNIA, CA US",0.8964,GHCND:USR0000CBEV,METERS,-118.4122
20,244.8,1990-05-02,2021-12-23,39.3975,"BANGOR CALIFORNIA, CA US",0.965,GHCND:USR0000CBGR,METERS,-121.3861
21,1088.1,1997-03-31,2021-12-23,41.0975,"BIG HILL CALIFORNIA, CA US",0.8617,GHCND:USR0000CBIH,METERS,-123.6358
22,2108.3,2002-11-21,2021-12-23,34.3789,"BIG PINES CALIFORNIA, CA US",0.9994,GHCND:USR0000CBIP,METERS,-117.6919
23,457.2,2003-09-29,2021-12-23,38.0394,"BIG ROCK CALIFORNIA, CA US",0.971,GHCND:USR0000CBIR,METERS,-122.57
24,487.7,1994-04-17,2021-12-23,37.95,"BLACK DIAMOND CALIFORNIA, CA US",0.9795,GHCND:USR0000CBKD,METERS,-121.8844
25,1711.5,1991-10-15,2021-12-23,41.0547,"BLUE DOOR CALIFORNIA, CA US",0.9947,GHCND:USR0000CBLD,METERS,-120.3375
26,1815.4,2001-05-21,2021-12-22,41.2694,"BLUE RIDGE KNF CALIFORNIA, CA US",0.867,GHCND:USR0000CBLQ,METERS,-123.1875
27,275.8,1990-05-01,2021-12-23,38.5908,"BEN BOLT CALIFORNIA, CA US",0.991,GHCND:USR0000CBLT,METERS,-120.9336
28,801.6,1998-06-16,2021-12-23,37.1317,"BEN LOMOND CALIFORNIA, CA US",0.9856,GHCND:USR0000CBNL,METERS,-122.17
29,1722.1,1992-07-27,2021-12-23,40.5981,"BOGARD RANGER STATION CALIFORNIA, CA US",0.9683,GHCND:USR0000CBOG,METERS,-121.0831
30,196.3,1990-05-01,2021-12-23,38.9875,"BOONVILLE CALIFORNIA, CA US",0.9843,GHCND:USR0000CBOO,METERS,-123.3486
31,2091.2,2001-12-13,2021-12-23,34.3194,"BIG PINE FLAT CALIFORNIA, CA US",0.9914,GHCND:USR0000CBPI,METERS,-117.0131
32,2026.9,2002-11-22,2021-12-23,38.2719,"BRIDGEPORT 4 NW CALIFORNIA, CA US",0.9935,GHCND:USR0000CBR4,METERS,-119.2892
33,1149.1,1996-05-14,2021-12-23,35.1889,"BRANCH MOUNTAIN CALIFORNIA, CA US",0.9755,GHCND:USR0000CBRA,METERS,-120.0833
34,1889.8,2003-07-18,2021-12-23,41.295,"BEAR FLAT CALIFORNIA, CA US",0.9348,GHCND:USR0000CBRF,METERS,-120.3133
35,442.0,1994-04-17,2021-12-23,37.9442,"BRIONES CALIFORNIA, CA US",0.9508,GHCND:USR0000CBRI,METERS,-122.1178
36,2499.4,1999-07-20,2021-12-23,36.0931,"BLACKROCK CALIFORNIA, CA US",0.9445,GHCND:USR0000CBRK,METERS,-118.2603
37,107.9,1990-05-02,2021-12-23,38.7383,"BROOKS CALIFORNIA, CA US",0.9897,GHCND:USR0000CBRO,METERS,-122.1447
38,137.2,2001-07-26,2021-12-23,36.2356,"BIG SUR CALIFORNIA, CA US",0.9647,GHCND:USR0000CBSR,METERS,-121.785
39,1339.6,1991-10-15,2021-12-23,40.4808,"BULL FLAT CALIFORNIA, CA US",0.9956,GHCND:USR0000CBUL,METERS,-120.1139
40,1828.8,1991-09-23,2021-12-23,34.2103,"BURNS CANYON CALIFORNIA, CA US",0.9923,GHCND:USR0000CBUR,METERS,-116.6339
41,66.1,2000-11-15,2021-12-23,32.7397,"BUTTERCUP CALIFORNIA, CA US",0.969,GHCND:USR0000CBUU,METERS,-114.8839
42,1524.0,1992-02-03,2021-12-22,38.4883,"BEAVER CAMP LOC CALIFORNIA, CA US",0.9149,GHCND:USR0000CBVR,METERS,-120.325
43,914.4,1990-06-28,2021-12-23,41.6853,"BRAZIE RANCH CALIFORNIA, CA US",0.9779,GHCND:USR0000CBZE,METERS,-122.5942
44,84.7,2000-11-15,2021-12-23,32.9736,"CAHUILLA CALIFORNIA, CA US",0.9281,GHCND:USR0000CCAA,METERS,-115.1736
45,955.9,1988-12-30,2021-12-23,41.3075,"CALLAHAN CALIFORNIA, CA US",0.964,GHCND:USR0000CCAL,METERS,-122.7958
46,1049.4,1994-10-24,2021-12-23,32.7214,"CAMERON FIRE STATION CALIFORNI, CA US",0.9718,GHCND:USR0000CCAM,METERS,-116.4631
47,759.0,1991-10-15,2021-12-23,35.0964,"CARRIZO CALIFORNIA, CA US",0.9984,GHCND:USR0000CCAR,METERS,-119.7728
48,707.1,1992-10-06,2021-12-23,33.445,"CASE SPRINGS CALIFORNIA, CA US",0.8304,GHCND:USR0000CCAS,METERS,-117.4181
49,365.8,1999-01-04,2021-12-23,37.4681,"CATHEYS VALLEY CALIFORNIA, CA US",0.9666,GHCND:USR0000CCAT,METERS,-120.1106
50,1438.7,1999-09-01,2021-12-23,36.7878,"CEDAR GROVE CALIFORNIA, CA US",0.9474,GHCND:USR0000CCDG,METERS,-118.6561
51,502.9,1995-09-25,2021-12-23,34.1847,"CHEESEBORO CALIFORNIA, CA US",0.9893,GHCND:USR0000CCHB,METERS,-118.7172
52,1661.2,1986-02-26,2021-12-23,34.3317,"CHILAO CALIFORNIA, CA US",0.9427,GHCND:USR0000CCHI,METERS,-118.0303
53,1493.5,1999-02-16,2021-12-23,34.8083,"CHUCHUPATE CALIFORNIA, CA US",0.9945,GHCND:USR0000CCHU,METERS,-119.0125
54,914.4,2002-11-21,2021-12-23,34.2711,"CLEAR CREEK CALIFORNIA, CA US",0.9994,GHCND:USR0000CCLE,METERS,-118.1525
55,524.3,2000-05-24,2021-12-23,33.8767,"CLARK CALIFORNIA, CA US",0.9838,GHCND:USR0000CCLK,METERS,-117.3089
56,374.9,1997-05-29,2021-12-23,37.5531,"CALAVERAS ROAD CALIFORNIA, CA US",0.9082,GHCND:USR0000CCLV,METERS,-121.8439
57,1966.0,2002-05-16,2021-12-23,36.4108,"CASE MOUNTAIN CALIFORNIA, CA US",0.9395,GHCND:USR0000CCMO,METERS,-118.8092
58,528.2,1990-05-02,2021-12-23,39.8717,"COHASSET CALIFORNIA, CA US",0.9897,GHCND:USR0000CCOH,METERS,-121.7689
59,1674.3,1991-07-31,2021-12-23,41.775,"COLLINS BALDY CALIFORNIA, CA US",0.9905,GHCND:USR0000CCOL,METERS,-122.9503
60,1712.4,1997-06-04,2021-12-23,34.1942,"CONVERSE CALIFORNIA, CA US",0.9807,GHCND:USR0000CCON,METERS,-116.9131
61,899.2,1985-05-23,2021-12-23,40.2569,"COOSKIE MOUNTAIN CALIFORNIA, CA US",0.9915,GHCND:USR0000CCOO,METERS,-124.2661
62,137.2,1990-05-02,2021-12-23,36.9911,"CORRALITOS CALIFORNIA, CA US",0.9569,GHCND:USR0000CCOR,METERS,-121.7978
63,635.5,1994-10-31,2021-12-23,39.0189,"CO LINE CALIFORNIA, CA US",0.9915,GHCND:USR0000CCOU,METERS,-122.4119
64,1219.2,1995-09-01,2021-12-23,34.3617,"CAMP 9 CALIFORNIA, CA US",0.9801,GHCND:USR0000CCP9,METERS,-118.4217
65,2025.1,1991-11-04,2021-12-23,37.7617,"CRANE FLAT LOOKOUT CALIFORNIA, CA US",0.8956,GHCND:USR0000CCRA,METERS,-119.8247
66,2316.5,1993-11-22,2021-12-23,37.745,"CRESTVIEW CALIFORNIA, CA US",0.9953,GHCND:USR0000CCRE,METERS,-118.9833
67,89.6,1998-10-13,2021-12-23,39.9389,"CORNING CALIFORNIA, CA US",0.9916,GHCND:USR0000CCRN,METERS,-122.1697
68,1466.7,2000-06-09,2021-12-23,40.0686,"CARPENTER RIDGE CALIFORNIA, CA US",0.9962,GHCND:USR0000CCRR,METERS,-121.5825
69,594.4,2002-02-27,2021-12-23,33.7403,"CRANSTON CALIFORNIA, CA US",0.9866,GHCND:USR0000CCRT,METERS,-116.8414
70,1377.7,2001-09-14,2021-12-23,40.0017,"CASHMAN CALIFORNIA, CA US",0.9964,GHCND:USR0000CCSH,METERS,-120.915
71,1060.7,1997-11-25,2021-12-23,32.8569,"DESCANSO CALIFORNIA, CA US",0.9949,GHCND:USR0000CDES,METERS,-116.6222
72,1530.7,1991-09-10,2021-12-23,41.53,"DEVILS GARDEN CALIFORNIA, CA US",0.9973,GHCND:USR0000CDGR,METERS,-120.6714
73,563.9,1998-08-11,2021-12-16,37.3292,"DIABLO GRANDE CALIFORNIA, CA US",0.998,GHCND:USR0000CDIA,METERS,-121.2939
74,718.1,2002-01-16,2021-12-23,35.5317,"DEMOCRAT CALIFORNIA, CA US",0.967,GHCND:USR0000CDMC,METERS,-118.6303
75,1727.6,2000-06-15,2021-12-15,37.0664,"DINKEY CALIFORNIA, CA US",0.9957,GHCND:USR0000CDNK,METERS,-119.0394
76,1821.5,2001-04-26,2021-12-23,39.5619,"DOG VALLEY CALIFORNIA, CA US",0.9882,GHCND:USR0000CDOG,METERS,-120.0478
77,1292.4,1987-06-02,2021-12-23,40.0222,"DOYLE CALIFORNIA, CA US",0.9534,GHCND:USR0000CDOY,METERS,-120.1056
78,2164.1,2001-10-25,2021-12-23,39.1439,"DUNCAN CALIFORNIA, CA US",0.6657,GHCND:USR0000CDUN,METERS,-120.5089
79,389.5,1998-11-23,2021-12-23,34.4311,"DEL VALLE CALIFORNIA, CA US",0.997,GHCND:USR0000CDVA,METERS,-118.6828
80,1131.7,1999-10-25,2021-12-23,39.9278,"EAGLE PEAK CALIFORNIA, CA US",0.9707,GHCND:USR0000CEAG,METERS,-122.6569
81,135.9,2001-07-10,2021-12-23,40.1383,"EEL RIVER CAMP CALIFORNIA, CA US",0.9834,GHCND:USR0000CEEC,METERS,-123.8236
82,457.2,1992-05-18,2021-12-23,39.8333,"EEL RIVER CALIFORNIA, CA US",0.9869,GHCND:USR0000CEEL,METERS,-123.0833
83,926.0,1995-04-20,2021-12-23,33.6472,"EL CARISO CALIFORNIA, CA US",0.9992,GHCND:USR0000CELC,METERS,-117.4111
84,1503.6,1999-07-01,2021-12-23,38.0631,"MOUNT ELIZABETH CALIFORNIA, CA US",0.9955,GHCND:USR0000CELI,METERS,-120.2469
85,877.8,1997-11-20,2021-12-23,34.6344,"EL MIRAGE CALIFORNIA, CA US",0.9424,GHCND:USR0000CELM,METERS,-117.5503
86,280.4,1990-05-02,2021-12-23,36.8839,"FANCHER CREEK CALIFORNIA, CA US",0.9818,GHCND:USR0000CFAN,METERS,-119.4658
87,2103.1,1995-05-01,2021-12-23,34.2661,"FAWNSKIN CALIFORNIA, CA US",0.9328,GHCND:USR0000CFAW,METERS,-116.8989
88,1538.6,1999-06-30,2021-12-23,36.9614,"FENCE MEADOW CALIFORNIA, CA US",0.9894,GHCND:USR0000CFEN,METERS,-119.175
89,335.3,2001-06-08,2021-12-23,36.0117,"FORT HUNTER LIGGET CALIFORNIA, CA US",0.9911,GHCND:USR0000CFHL,METERS,-121.2417
90,975.4,2002-11-21,2021-12-23,34.7331,"FIGUEROA CALIFORNIA, CA US",0.9964,GHCND:USR0000CFIG,METERS,-120.0067
91,231.6,1988-03-05,2021-12-23,32.9903,"FISH CREEK MOUNTAIN CALIFORNIA, CA US",0.9723,GHCND:USR0000CFIS,METERS,-116.0669
92,1264.9,1998-06-04,2021-12-23,35.8717,"FIVE MILE CALIFORNIA, CA US",0.9885,GHCND:USR0000CFIV,METERS,-117.9183
93,64.0,1990-05-02,2021-12-23,35.8922,"FOUNTAIN SPRINGS CALIFORNIA, CA US",0.9754,GHCND:USR0000CFOU,METERS,-118.915
94,542.8,1991-07-23,2021-12-23,33.8081,"FREMONT CANYON CALIFORNIA, CA US",0.9891,GHCND:USR0000CFRE,METERS,-117.7111
95,1219.2,1990-09-10,2021-12-23,40.505,"FRIEND MOUNTAIN CALIFORNIA, CA US",0.8541,GHCND:USR0000CFRI,METERS,-123.3417
96,1877.0,1990-05-02,2021-12-23,40.7817,"GRASSHOPPER CALIFORNIA, CA US",0.9953,GHCND:USR0000CGHP,METERS,-120.7844
97,466.3,2000-06-13,2021-12-23,33.0736,"GOOSE VALLEY CALIFORNIA, CA US",0.99,GHCND:USR0000CGOO,METERS,-116.8458
98,1889.8,2002-09-06,2021-12-23,40.7586,"GORDON CALIFORNIA, CA US",0.985,GHCND:USR0000CGOR,METERS,-120.8961
99,310.9,1990-05-02,2021-12-23,37.8331,"GREEN SPRING CALIFORNIA, CA US",0.9883,GHCND:USR0000CGSP,METERS,-120.5
100,574.5,1997-04-28,2021-12-23,36.3886,"HASTINGS CALIFORNIA, CA US",0.9882,GHCND:USR0000CHAS,METERS,-121.5517
101,609.6,1993-09-16,2021-12-23,38.7817,"HAWKEYE CALIFORNIA, CA US",0.9905,GHCND:USR0000CHAW,METERS,-122.9169
102,708.1,1997-04-08,2021-12-23,40.55,"HAYFORK CALIFORNIA, CA US",0.992,GHCND:USR0000CHAY,METERS,-123.165
103,1597.2,1989-06-21,2021-12-23,39.0717,"HELL HOLE CALIFORNIA, CA US",0.91,GHCND:USR0000CHEL,METERS,-120.4217
104,1137.8,1990-05-17,2021-12-23,36.3825,"HERNANDEZ CALIFORNIA, CA US",0.9919,GHCND:USR0000CHER,METERS,-120.8558
105,1475.2,1997-05-29,2021-12-23,39.2083,"HIGH GLADE LOOKOUT CALIFORNIA, CA US",0.9129,GHCND:USR0000CHGL,METERS,-122.8083
106,2256.4,2001-07-10,2021-12-23,37.3147,"HIGH SIERRA CALIFORNIA, CA US",0.9983,GHCND:USR0000CHIG,METERS,-119.0383
107,817.5,2001-10-04,2021-12-23,39.0308,"HOPLAND CALIFORNIA, CA US",0.9399,GHCND:USR0000CHLD,METERS,-123.0806
108,123.1,2002-12-12,2021-12-23,36.8422,"HOLLISTER CALIFORNIA, CA US",0.9964,GHCND:USR0000CHLR,METERS,-121.3622
109,2097.0,1989-02-15,2021-12-23,36.5625,"HUNTER MOUNTAIN CALIFORNIA, CA US",0.9648,GHCND:USR0000CHNM,METERS,-117.4736
110,1554.5,1991-10-15,2021-12-23,40.6306,"HORSE LAKE CALIFORNIA, CA US",0.994,GHCND:USR0000CHOL,METERS,-120.5028
111,114.3,1997-04-19,2021-12-23,41.0478,"HOOPA CALIFORNIA, CA US",0.9866,GHCND:USR0000CHOO,METERS,-123.6714
112,1524.0,1991-09-23,2021-12-23,35.7706,"HORSE THIEF SPRINGS CALIFORNIA, CA US",0.9918,GHCND:USR0000CHOR,METERS,-115.9092
113,366.1,1995-01-23,2021-12-23,37.0153,"HURLEY CALIFORNIA, CA US",0.9695,GHCND:USR0000CHUR,METERS,-119.5678
114,1453.9,1997-05-13,2021-12-23,41.7417,"INDIAN WELL CALIFORNIA, CA US",0.934,GHCND:USR0000CIND,METERS,-121.5383
115,759.0,2003-04-21,2021-12-23,39.7358,"JARBO GAP CALIFORNIA, CA US",0.9975,GHCND:USR0000CJAR,METERS,-121.4889
116,1188.7,2002-06-13,2021-12-23,37.5436,"JERSEYDALE CALIFORNIA, CA US",0.9728,GHCND:USR0000CJER,METERS,-119.8386
117,1432.6,1998-06-01,2021-12-23,35.9717,"JOHNSONDALE CALIFORNIA, CA US",0.9914,GHCND:USR0000CJOH,METERS,-118.545
118,1645.9,1988-12-30,2021-12-23,41.7861,"JUANITA LAKE CALIFORNIA, CA US",0.9363,GHCND:USR0000CJUA,METERS,-122.0056
119,1292.4,1993-03-24,2021-12-23,33.0758,"JULIAN CALIFORNIA, CA US",0.999,GHCND:USR0000CJUL,METERS,-116.5908
120,1332.6,1988-04-05,2021-12-23,41.3322,"JUNIPER CREEK CALIFORNIA, CA US",0.9981,GHCND:USR0000CJUN,METERS,-120.4725
121,1499.6,1990-05-15,2021-12-23,33.6667,"KEENWILD CALIFORNIA, CA US",0.9916,GHCND:USR0000CKEE,METERS,-116.7667
122,246.9,1988-02-23,2021-12-23,36.0333,"KETTLEMAN HILLS CALIFORNIA, CA US",0.9974,GHCND:USR0000CKET,METERS,-120.0569
123,670.6,1985-05-23,2021-12-23,38.8619,"KNOXVILLE CREEK CALIFORNIA, CA US",0.9924,GHCND:USR0000CKNO,METERS,-122.4172
124,659.3,1995-03-20,2021-12-23,38.9119,"KONOCTI CALIFORNIA, CA US",0.9948,GHCND:USR0000CKON,METERS,-122.7064
125,106.7,1990-05-02,2021-12-23,37.0547,"LOS BANOS CALIFORNIA, CA US",0.9763,GHCND:USR0000CLAB,METERS,-121.0531
126,1755.6,1996-02-15,2021-12-23,32.8797,"MOUNT LAGUNA CALIFORNIA, CA US",0.9819,GHCND:USR0000CLAG,METERS,-116.4203
127,265.8,1990-05-02,2021-12-23,37.3053,"LA HONDA CALIFORNIA, CA US",0.9894,GHCND:USR0000CLAH,METERS,-122.255
128,496.8,1990-05-02,2021-12-23,35.3811,"LA PANZA CALIFORNIA, CA US",0.9952,GHCND:USR0000CLAP,METERS,-120.1875
129,1338.1,1996-01-31,2021-12-23,35.4783,"LAURAL MOUNTAIN CALIFORNIA, CA US",0.9937,GHCND:USR0000CLAR,METERS,-117.6989
130,1267.7,1990-05-02,2021-12-23,40.3442,"LASSEN LODGE CALIFORNIA, CA US",0.8876,GHCND:USR0000CLAS,METERS,-121.7136
131,1767.8,1998-02-20,2021-12-23,40.1417,"LAUFMAN CALIFORNIA, CA US",0.9898,GHCND:USR0000CLAU,METERS,-120.3533
132,554.7,2001-07-11,2021-12-23,39.7022,"LAYTONVILLE CALIFORNIA, CA US",0.9751,GHCND:USR0000CLAY,METERS,-123.485
133,1752.6,1988-04-05,2021-12-23,40.8072,"LADDER BUTTE CALIFORNIA, CA US",0.9659,GHCND:USR0000CLDR,METERS,-121.2967
134,15.2,1999-07-12,2021-12-23,34.0456,"LEO CARRILLO CALIFORNIA, CA US",0.9912,GHCND:USR0000CLEO,METERS,-118.9358
135,1280.2,1991-09-30,2021-12-23,34.0178,"LOST HORSE CALIFORNIA, CA US",0.9895,GHCND:USR0000CLHO,METERS,-116.1878
136,61.0,1991-08-07,2021-12-23,38.8825,"LINCOLN CALIFORNIA, CA US",0.9955,GHCND:USR0000CLIN,METERS,-121.2683
137,1249.1,2002-06-18,2021-12-23,41.9992,"LOWER KLAMATH CALIFORNIA, CA US",0.9987,GHCND:USR0000CLKL,METERS,-121.7003
138,310.9,1997-10-30,2021-12-23,34.5358,"LOS PRIETOS CALIFORNIA, CA US",0.9776,GHCND:USR0000CLOP,METERS,-119.7833
139,303.0,1990-05-02,2021-12-23,35.6564,"LAS TABLAS CALIFORNIA, CA US",0.9933,GHCND:USR0000CLST,METERS,-120.9242
140,423.7,2002-09-05,2021-12-23,34.2936,"LITTLE TUJUNGA CALIFORNIA, CA US",0.9979,GHCND:USR0000CLTU,METERS,-118.3608
141,975.4,1988-03-16,2021-12-23,39.1258,"LYONS VALLEY CALIFORNIA, CA US",0.9917,GHCND:USR0000CLYO,METERS,-123.0736
142,851.0,2002-02-19,2021-12-23,34.2339,"LYTLE CREEK CALIFORNIA, CA US",0.9923,GHCND:USR0000CLYT,METERS,-117.4803
143,845.8,1999-10-06,2021-12-23,40.4633,"MAD RIVER CALIFORNIA, CA US",0.9416,GHCND:USR0000CMAD,METERS,-123.5239
144,480.1,1995-01-01,2021-12-23,34.0583,"MALIBU HILLS CALIFORNIA, CA US",0.9716,GHCND:USR0000CMAL,METERS,-118.6333
145,1725.2,1990-06-18,2021-12-23,40.54,"MANZANITA LAKE CALIFORNIA, CA US",0.878,GHCND:USR0000CMAN,METERS,-121.5803
146,899.2,1998-02-11,2021-12-23,34.0836,"MILL CREEK BDF CALIFORNIA, CA US",0.9925,GHCND:USR0000CMCB,METERS,-117.0347
147,180.7,1990-05-02,2021-12-23,39.3528,"MCGUIRES CALIFORNIA, CA US",0.8824,GHCND:USR0000CMCG,METERS,-123.6011
148,883.9,1995-11-21,2021-12-23,34.3906,"MEANS LAKE CALIFORNIA, CA US",0.9936,GHCND:USR0000CMEA,METERS,-116.5169
149,1652.0,2000-08-31,2021-12-23,39.8075,"MENDOCINO PASS CALIFORNIA, CA US",0.7951,GHCND:USR0000CMEN,METERS,-122.945
150,937.9,1990-05-02,2021-12-23,37.4094,"METCALF GAP CALIFORNIA, CA US",0.9433,GHCND:USR0000CMET,METERS,-119.7681
151,1649.9,1991-09-23,2021-12-23,35.1231,"MID HILLS CALIFORNIA, CA US",0.9928,GHCND:USR0000CMID,METERS,-115.4114
152,1530.4,1989-04-05,2021-12-23,34.3903,"MILL CREEK ANF CALIFORNIA, CA US",0.9268,GHCND:USR0000CMIL,METERS,-118.0825
153,586.1,2001-07-26,2021-12-23,36.2314,"MILO CALIFORNIA, CA US",0.8872,GHCND:USR0000CMIO,METERS,-118.8689
154,621.8,1998-10-29,2021-12-23,37.8172,"MALLORY RIDGE CALIFORNIA, CA US",0.9806,GHCND:USR0000CMLR,METERS,-121.7789
155,457.2,1996-09-20,2021-12-23,34.4614,"MONTECITO CALIFORNIA, CA US",0.9535,GHCND:USR0000CMNC,METERS,-119.6481
156,1005.8,1999-10-20,2021-12-23,34.3175,"MORMON ROCK CALIFORNIA, CA US",0.9109,GHCND:USR0000CMOR,METERS,-117.5019
157,1249.7,1999-04-30,2021-12-23,37.0544,"MOUNTAIN REST CALIFORNIA, CA US",0.9961,GHCND:USR0000CMOU,METERS,-119.3711
158,1676.7,1998-04-24,2021-12-23,38.6833,"MARKLEEVILLE CALIFORNIA, CA US",0.9994,GHCND:USR0000CMRK,METERS,-119.7667
159,0.0,1999-07-08,2021-12-23,41.3156,"MOUNT SHASTA CALIFORNIA, CA US",0.9983,GHCND:USR0000CMS2,METERS,-122.3156
160,680.0,1990-05-02,2021-12-23,37.5042,"MARIPOSA CALIFORNIA, CA US",0.9554,GHCND:USR0000CMSA,METERS,-119.9869
161,902.2,1990-05-02,2021-12-23,38.3894,"MOUNT ZION CALIFORNIA, CA US",0.9708,GHCND:USR0000CMTZ,METERS,-120.6511
162,829.1,1998-08-24,2021-12-23,37.2331,"NORTH FORK CALIFORNIA, CA US",0.9935,GHCND:USR0000CNFO,METERS,-119.5047
163,591.3,1988-12-30,2021-12-23,41.8386,"OAK KNOLL CALIFORNIA, CA US",0.989,GHCND:USR0000COAK,METERS,-122.85
164,518.2,1991-08-28,2021-12-23,41.0064,"OAK MOUNTAIN CALIFORNIA, CA US",0.7375,GHCND:USR0000COAM,METERS,-121.9833
165,1479.8,1994-10-31,2021-12-23,36.8425,"OAK CREEK CALIFORNIA, CA US",0.9817,GHCND:USR0000COCR,METERS,-118.2594
166,838.8,1995-03-20,2021-12-23,33.3933,"OAK GROVE CALIFORNIA, CA US",0.9992,GHCND:USR0000COKG,METERS,-116.795
167,427.6,1992-06-08,2021-12-23,37.865,"OAKLAND NORTH CALIFORNIA, CA US",0.9714,GHCND:USR0000COKN,METERS,-122.2208
168,987.6,1996-02-08,2021-12-23,36.1753,"OAK OPENING CALIFORNIA, CA US",0.9784,GHCND:USR0000COKO,METERS,-118.7017
169,333.8,1992-08-24,2021-12-23,37.7861,"OAKLAND SOUTH CALIFORNIA, CA US",0.921,GHCND:USR0000COKS,METERS,-122.1447
170,987.6,1991-09-23,2021-12-23,35.1542,"OPAL MOUNTAIN CALIFORNIA, CA US",0.9795,GHCND:USR0000COPA,METERS,-117.1756
171,1597.2,1989-09-25,2021-12-23,38.7333,"OWENS CAMP LOC CALIFORNIA, CA US",0.9542,GHCND:USR0000COWE,METERS,-120.245
172,1414.3,1992-09-28,2021-12-23,37.39,"OWENS VALLEY CALIFORNIA, CA US",0.9953,GHCND:USR0000COWV,METERS,-118.5506
173,1118.6,2001-08-31,2021-12-23,34.6819,"OZENA CALIFORNIA, CA US",0.9927,GHCND:USR0000COZE,METERS,-119.3539
174,467.9,1990-05-02,2021-12-23,35.8989,"PARKFIELD CALIFORNIA, CA US",0.9817,GHCND:USR0000CPAR,METERS,-120.4319
175,0.0,2001-05-07,2021-12-23,33.0164,"PINE HILLS CALIFORNIA, CA US",0.985,GHCND:USR0000CPHI,METERS,-116.6339
176,1737.4,1986-07-16,2021-12-23,40.2461,"PIERCE CALIFORNIA, CA US",0.8416,GHCND:USR0000CPIE,METERS,-120.6422
177,1237.5,2001-04-10,2021-12-23,36.6853,"PINEHURST CALIFORNIA, CA US",0.9931,GHCND:USR0000CPIH,METERS,-119.0
178,1132.0,1985-05-23,2021-12-23,39.475,"PIKE CO LOOKOUT CALIFORNIA, CA US",0.8943,GHCND:USR0000CPIK,METERS,-121.2025
179,365.8,1993-04-14,2021-12-23,38.8325,"PILOT HILL CALIFORNIA, CA US",0.9967,GHCND:USR0000CPIL,METERS,-121.0086
180,2298.2,1997-07-03,2021-12-23,36.7242,"PARK RIDGE CALIFORNIA, CA US",0.883,GHCND:USR0000CPKR,METERS,-118.9425
181,402.9,2001-03-26,2021-12-23,36.4708,"PINNACLES CALIFORNIA, CA US",0.9995,GHCND:USR0000CPNN,METERS,-121.1472
182,841.2,1995-09-01,2021-12-23,34.7325,"POPPY PARK CALIFORNIA, CA US",0.9351,GHCND:USR0000CPOP,METERS,-118.3833
183,714.8,1990-05-02,2021-12-23,32.6058,"POTRERO CALIFORNIA, CA US",0.8831,GHCND:USR0000CPOT,METERS,-116.6089
184,629.7,1998-10-29,2021-12-23,37.4431,"POVERTY CALIFORNIA, CA US",0.7727,GHCND:USR0000CPOV,METERS,-121.7706
185,619.4,1990-05-02,2021-12-23,36.7269,"PANOCHE ROAD CALIFORNIA, CA US",0.8778,GHCND:USR0000CPRD,METERS,-120.7658
186,196.3,1997-05-29,2021-12-23,37.475,"PULGAS CALIFORNIA, CA US",0.9448,GHCND:USR0000CPUL,METERS,-122.2981
187,1287.8,1990-05-02,2021-12-23,41.5992,"QUARTZ HILL CALIFORNIA, CA US",0.9711,GHCND:USR0000CQUA,METERS,-122.9336
188,1066.8,1988-10-18,2021-12-23,39.9733,"QUINCY RD CALIFORNIA, CA US",0.9595,GHCND:USR0000CQUI,METERS,-120.9419
189,1614.8,1999-06-22,2021-12-23,40.7308,"RAVENDALE CALIFORNIA, CA US",0.9998,GHCND:USR0000CRAV,METERS,-120.3164
190,1345.7,1995-01-01,2021-12-23,33.2222,"RANCHITA CALIFORNIA, CA US",0.9912,GHCND:USR0000CRCH,METERS,-116.4975
191,599.8,2002-09-11,2021-12-23,39.3036,"READER RANCH CALIFORNIA, CA US",0.9996,GHCND:USR0000CRDR,METERS,-121.1172
192,152.4,2001-06-22,2021-12-23,40.5158,"REDDING AIRPORT CALIFORNIA, CA US",0.9884,GHCND:USR0000CREA,METERS,-122.2906
193,249.9,1988-03-05,2021-12-23,34.0608,"RICE VALLEY CALIFORNIA, CA US",0.9961,GHCND:USR0000CRIC,METERS,-114.7322
194,2145.8,1999-06-04,2021-12-23,37.5514,"ROCK CREEK, CA US",0.98,GHCND:USR0000CROC,METERS,-118.6672
195,740.1,1993-07-23,2021-12-23,39.6681,"RODEO VALLEY, CA US",0.9591,GHCND:USR0000CROD,METERS,-123.3211
196,1015.3,1993-11-08,2021-12-23,34.5431,"ROSE VALLEY CALIFORNIA, CA US",0.9929,GHCND:USR0000CROS,METERS,-119.1842
197,1602.6,1991-03-06,2021-12-23,41.4272,"ROUND MOUNTAIN, CA US",0.964,GHCND:USR0000CROU,METERS,-121.4639
198,932.7,1995-01-01,2021-12-23,37.5019,"ROSE PEAK CALIFORNIA, CA US",0.9804,GHCND:USR0000CRSP,METERS,-121.7355
199,1463.0,1997-09-19,2021-12-23,41.2944,"RUSH CREEK CALIFORNIA, CA US",0.9119,GHCND:USR0000CRUS,METERS,-120.8639
200,832.7,2003-06-24,2021-12-23,40.2506,"RUTH CALIFORNIA, CA US",0.995,GHCND:USR0000CRUT,METERS,-123.3158
201,36.6,2001-07-26,2021-12-23,39.4172,"SACRAMENTO NWR CALIFORNIA, CA US",0.9987,GHCND:USR0000CSAC,METERS,-122.1825
202,789.4,1998-07-30,2021-12-23,34.6847,"SADDLEBACK BUTTE CALIFORNIA, CA US",0.9706,GHCND:USR0000CSAD,METERS,-117.8208
203,442.0,1994-09-02,2021-12-23,34.425,"SAUGUS CALIFORNIA, CA US",0.9609,GHCND:USR0000CSAU,METERS,-118.525
204,668.1,1988-12-30,2021-12-23,41.3003,"SAWYERS BAR CALIFORNIA, CA US",0.9593,GHCND:USR0000CSAW,METERS,-123.1322
205,53.6,1995-04-17,2021-12-23,33.4833,"SANTA BARBARA ISLAND CALIFORNI, CA US",0.7939,GHCND:USR0000CSBB,METERS,-119.0333
206,76.2,1990-04-17,2021-12-23,33.9958,"SANTA CRUZ ISLAND CALIFORNIA, CA US",0.9314,GHCND:USR0000CSCI,METERS,-119.7222
207,1341.1,1990-10-15,2021-12-23,41.1117,"SCORPION CALIFORNIA, CA US",0.8719,GHCND:USR0000CSCN,METERS,-122.6967
208,540.4,1992-05-18,2021-12-23,39.425,"SODA CREEK CALIFORNIA, CA US",0.9068,GHCND:USR0000CSDC,METERS,-122.9772
209,2033.0,2001-06-10,2021-12-23,39.6375,"SADDLEBACK CALIFORNIA, CA US",0.7875,GHCND:USR0000CSDD,METERS,-120.8653
210,861.4,1992-05-18,2021-12-23,39.1836,"SECRET TOWN CALIFORNIA, CA US",0.9906,GHCND:USR0000CSEC,METERS,-120.8847
211,152.4,1993-06-18,2021-12-23,34.1208,"SANTA FE DAM CALIFORNIA, CA US",0.8988,GHCND:USR0000CSFD,METERS,-117.9458
212,1751.4,1995-04-28,2021-12-23,37.135,"SHAVER CALIFORNIA, CA US",0.984,GHCND:USR0000CSHA,METERS,-119.2561
213,804.7,2001-01-04,2021-12-23,41.1383,"SCHOOL HOUSE CALIFORNIA, CA US",0.9824,GHCND:USR0000CSHH,METERS,-123.9056
214,1615.4,2001-06-25,2021-12-23,41.7358,"SHIP MOUNTAIN CALIFORNIA, CA US",0.7816,GHCND:USR0000CSHI,METERS,-123.7917
215,1240.2,1990-05-02,2021-12-23,36.5672,"SHADEQUARTER CALIFORNIA, CA US",0.951,GHCND:USR0000CSHQ,METERS,-118.9556
216,731.5,1989-11-13,2021-12-23,41.075,"SIMS CALIFORNIA, CA US",0.8032,GHCND:USR0000CSIM,METERS,-122.3733
217,1423.4,1988-12-30,2021-12-23,41.8586,"SLATER BUTTE CALIFORNIA, CA US",0.8727,GHCND:USR0000CSLA,METERS,-123.3525
218,129.5,2002-03-29,2021-12-23,32.685,"SAN MIGUEL CALIFORNIA, CA US",0.9878,GHCND:USR0000CSMI,METERS,-116.9736
219,19.8,2002-03-07,2021-12-23,37.1822,"SAN LUIS NWR CALIFORNIA, CA US",0.9876,GHCND:USR0000CSNL,METERS,-120.7939
220,1524.0,1991-10-15,2021-12-23,36.3478,"SANTA RITA CALIFORNIA, CA US",0.983,GHCND:USR0000CSNR,METERS,-120.5978
221,1130.8,1990-05-02,2021-12-23,40.9258,"SOLDIER MOUNTAIN CALIFORNIA, CA US",0.9712,GHCND:USR0000CSOL,METERS,-121.5856
222,280.4,1988-12-30,2021-12-23,41.39,"SOMES BAR CALIFORNIA, CA US",0.9198,GHCND:USR0000CSOM,METERS,-123.4958
223,1103.4,1991-09-23,2021-12-23,35.37,"SQUAW SPRINGS CALIFORNIA, CA US",0.9915,GHCND:USR0000CSQS,METERS,-117.5683
224,91.4,1986-04-24,2021-12-23,32.9083,"SQUAW LAKE CALIFORNIA, CA US",0.9933,GHCND:USR0000CSQU,METERS,-114.4944
225,395.6,1990-04-23,2021-12-23,33.9778,"SANTA ROSA ISLAND CALIFORNIA, CA US",0.9704,GHCND:USR0000CSRI,METERS,-120.0778
226,603.5,1993-04-09,2021-12-23,33.5286,"SANTA ROSA PLATEAU CALIFORNIA, CA US",0.9826,GHCND:USR0000CSRO,METERS,-117.2306
227,175.6,1991-03-06,2021-12-23,38.4786,"SANTA ROSA CALIFORNIA, CA US",0.9933,GHCND:USR0000CSRS,METERS,-122.7119
228,2093.1,1991-07-13,2021-12-23,39.4833,"STAMPEDE CALIFORNIA, CA US",0.9589,GHCND:USR0000CSTA,METERS,-120.075
229,365.8,1994-07-18,2021-12-23,39.3669,"STONYFORD CALIFORNIA, CA US",0.994,GHCND:USR0000CSTO,METERS,-122.575
230,327.7,1998-10-29,2021-12-23,37.5625,"SPRING VALLEY CALIFORNIA, CA US",0.9281,GHCND:USR0000CSVA,METERS,-122.4364
231,792.5,1986-02-12,2021-12-23,34.2069,"TANBARK CALIFORNIA, CA US",0.9962,GHCND:USR0000CTAN,METERS,-117.7606
232,347.5,2001-07-21,2021-12-23,34.4806,"TEMESCAL LPF CALIFORNIA, CA US",0.9602,GHCND:USR0000CTE2,METERS,-118.7556
233,317.0,1990-05-02,2021-12-23,39.8644,"THOMES CREEK CALIFORNIA, CA US",0.9925,GHCND:USR0000CTHO,METERS,-122.6097
234,1511.8,2002-08-10,2021-12-23,41.6294,"TIMBER MOUNTAIN CALIFORNIA, CA US",0.987,GHCND:USR0000CTIM,METERS,-121.2981
235,536.4,1994-04-17,2021-12-23,37.8339,"LAS TRAMPAS CALIFORNIA, CA US",0.9381,GHCND:USR0000CTRA,METERS,-122.0669
236,1008.3,1996-04-16,2021-12-23,40.7864,"TRINITY CAMP CALIFORNIA, CA US",0.9717,GHCND:USR0000CTRI,METERS,-122.8045
237,469.4,1999-06-29,2021-12-23,36.9111,"TRIMMER CALIFORNIA, CA US",0.999,GHCND:USR0000CTRM,METERS,-119.305
238,1133.9,1996-03-31,2021-12-23,35.8889,"UHL HOT SPRINGS, CA US",0.9636,GHCND:USR0000CUHL,METERS,-118.6333
239,792.5,2002-08-22,2021-12-23,40.7219,"UNDERWOOD CALIFORNIA, CA US",0.9118,GHCND:USR0000CUND,METERS,-123.4953
240,452.0,1990-05-02,2021-12-23,33.2372,"VALLEY CENTER CALIFORNIA, CA US",0.8643,GHCND:USR0000CVAL,METERS,-117.0086
241,1502.1,1993-06-01,2021-12-23,41.6431,"VAN BREMMER CALIFORNIA, CA US",0.968,GHCND:USR0000CVAN,METERS,-121.7939
242,1152.1,2002-09-30,2021-12-23,34.4456,"VALYERMO CALIFORNIA, CA US",0.9999,GHCND:USR0000CVAY,METERS,-117.8511
243,320.0,2002-03-29,2021-12-23,34.7586,"VANDENBERG CALIFORNIA, CA US",0.9763,GHCND:USR0000CVND,METERS,-120.4861
244,1658.1,2001-04-11,2021-12-23,38.5653,"WALKER CALIFORNIA, CA US",0.9962,GHCND:USR0000CWAK,METERS,-119.4592
245,1698.3,1991-10-15,2021-12-23,35.6647,"WALKER PASS CALIFORNIA, CA US",0.9982,GHCND:USR0000CWAL,METERS,-118.0569
246,1502.7,1986-04-11,2021-12-23,34.5958,"WARM SPRINGS CALIFORNIA, CA US",0.8714,GHCND:USR0000CWAR,METERS,-118.5786
247,893.1,1990-05-02,2021-12-23,41.4789,"WEED AIRPORT CALIFORNIA, CA US",0.9874,GHCND:USR0000CWEE,METERS,-122.4539
248,1767.8,1990-05-02,2021-12-23,40.3067,"WESTWOOD CALIFORNIA, CA US",0.9613,GHCND:USR0000CWES,METERS,-120.9
249,1316.7,1993-02-08,2021-12-23,39.3167,"WHITE CLOUD CALIFORNIA, CA US",0.9277,GHCND:USR0000CWHC,METERS,-120.8375
250,289.6,1999-05-11,2021-12-23,33.9839,"WHITTIER HILLS CALIFORNIA, CA US",0.9552,GHCND:USR0000CWHH,METERS,-118.01
251,736.7,1990-05-02,2021-12-23,40.6194,"WHITMORE CALIFORNIA, CA US",0.9731,GHCND:USR0000CWHT,METERS,-121.8994
252,501.4,2003-10-21,2021-12-23,34.3717,"WILEY RIDGE CALIFORNIA, CA US",0.8196,GHCND:USR0000CWIL,METERS,-118.8408
253,960.1,1997-12-16,2021-12-23,35.7217,"WOFFORD HEIGHTS CALIFORNIA, CA US",0.9975,GHCND:USR0000CWOF,METERS,-118.4989
254,1597.2,1996-06-07,2021-12-23,36.445,"WOLVERTON CALIFORNIA, CA US",0.988,GHCND:USR0000CWOL,METERS,-118.7033
255,426.7,2003-05-23,2021-12-23,37.9906,"WOODACRE CALIFORNIA, CA US",0.8102,GHCND:USR0000CWOO,METERS,-122.6447
256,1255.8,1999-10-13,2021-12-23,34.5686,"WHITAKER PEAK CALIFORNIA, CA US",0.9967,GHCND:USR0000CWPK,METERS,-118.7403
257,2446.0,1988-08-11,2021-12-18,37.8511,"WHITE WOLF CALIFORNIA, CA US",0.8275,GHCND:USR0000CWWO,METERS,-119.65
258,1378.8,1990-09-24,2021-12-23,40.3375,"YOLLA BOLLA CALIFORNIA, CA US",0.7699,GHCND:USR0000CYOL,METERS,-123.0656
259,993.6,1990-05-02,2021-12-23,34.1233,"YUCCA VALLEY CALIFORNIA, CA US",0.9881,GHCND:USR0000CYUC,METERS,-116.4078
260,150.9,2002-10-23,2021-12-23,41.2897,"YUROK CALIFORNIA, CA US",0.9937,GHCND:USR0000CYUR,METERS,-123.8575
261,2370.1,1978-09-30,2021-12-23,38.85,"HAGAN S MEADOW, CA US",0.9999,GHCND:USS0019L03S,METERS,-119.94
262,2455.8,1980-07-09,2021-12-23,38.61,"BLUE LAKES, CA US",0.9945,GHCND:USS0019L05S,METERS,-119.92
263,2357.9,1980-07-11,2021-12-23,38.51,"POISON FLAT, CA US",0.9946,GHCND:USS0019L06S,METERS,-119.63
264,2690.5,1978-09-30,2021-12-23,38.31,"SONORA PASS, CA US",0.9999,GHCND:USS0019L07S,METERS,-119.6
265,2194.0,1980-07-09,2021-12-23,38.3,"LEAVITT MEADOWS, CA US",0.9945,GHCND:USS0019L08S,METERS,-119.55
266,2878.8,1978-09-30,2021-12-23,38.07,"VIRGINIA LAKES RIDGE, CA US",0.9999,GHCND:USS0019L13S,METERS,-119.23
267,2814.2,1978-09-30,2021-12-23,38.44,"LOBDELL LAKE, CA US",0.9999,GHCND:USS0019L17S,METERS,-119.37
268,2671.6,1978-09-30,2021-12-23,38.55,"EBBETTS PASS, CA US",0.9999,GHCND:USS0019L19S,METERS,-119.8
269,2615.8,1978-09-30,2021-12-23,38.92,"HEAVENLY VALLEY, CA US",0.9999,GHCND:USS0019L24S,METERS,-119.92
270,2931.3,1989-08-16,2021-12-23,38.28,"LEAVITT LAKE, CA US",0.9961,GHCND:USS0019L38S,METERS,-119.61
271,1863.9,1980-08-14,2021-12-23,38.67,"SPRATT CREEK, CA US",0.9968,GHCND:USS0019L39S,METERS,-119.82
272,2532.9,1990-08-01,2021-12-23,38.67,"MONITOR PASS, CA US",0.9949,GHCND:USS0019L40S,METERS,-119.61
273,2477.7,2003-09-21,2021-12-23,38.72,"BURNSIDE LAKE, CA US",0.9999,GHCND:USS0019L41S,METERS,-119.89
274,2838.6,2003-09-22,2021-12-23,38.4,"SUMMIT MEADOW, CA US",0.9987,GHCND:USS0019L42S,METERS,-119.54
275,2443.6,2003-09-20,2021-12-23,38.68,"FORESTDALE CREEK, CA US",0.9998,GHCND:USS0019L43S,METERS,-119.96
276,2608.2,2003-09-21,2021-12-23,38.84,"HORSE MEADOW, CA US",0.9999,GHCND:USS0019L44S,METERS,-119.89
277,2546.0,2004-09-23,2021-12-23,38.69,"CARSON PASS, CA US",0.9998,GHCND:USS0019L45S,METERS,-119.99
278,1731.3,2014-06-19,2021-12-23,41.99,"STATE LINE, CA US",0.9978,GHCND:USS0020H01S,METERS,-120.72
279,1575.8,1999-09-30,2021-12-23,41.89,"CROWDER FLAT, CA US",0.9999,GHCND:USS0020H02S,METERS,-120.75
280,2142.7,1978-09-30,2021-12-22,41.58,"CEDAR PASS, CA US",1.0,GHCND:USS0020H06S,METERS,-120.3
281,2243.3,1980-08-09,2021-12-23,41.99,"DISMAL SWAMP, CA US",0.9965,GHCND:USS0020H12S,METERS,-120.18
282,1886.7,1984-09-13,2021-12-23,41.24,"ADIN MOUNTAIN, CA US",0.9986,GHCND:USS0020H13S,METERS,-120.79
283,1967.8,1980-06-06,2021-12-23,39.49,"INDEPENDENCE CREEK, CA US",0.9923,GHCND:USS0020K03S,METERS,-120.28
284,2134.5,1978-09-30,2021-12-23,39.45,"INDEPENDENCE CAMP, CA US",0.9999,GHCND:USS0020K04S,METERS,-120.29
285,2545.7,1978-09-30,2021-12-23,39.43,"INDEPENDENCE LAKE, CA US",0.9999,GHCND:USS0020K05S,METERS,-120.31
286,1983.9,1980-06-02,2021-12-23,39.3,"TRUCKEE NUMBER 2, CA US",0.992,GHCND:USS0020K13S,METERS,-120.18
287,2028.4,1978-09-30,2021-12-23,39.14,"WARD CREEK NUMBER 3, CA US",0.9782,GHCND:USS0020K25S,METERS,-120.22
288,2071.7,1980-06-03,2021-12-23,39.17,"TAHOE CITY CROSS, CA US",0.9921,GHCND:USS0020K27S,METERS,-120.15
289,2447.2,1980-08-04,2021-12-23,39.19,"SQUAW VALLEY G.C., CA US",0.9962,GHCND:USS0020K30S,METERS,-120.26
290,2089.4,1981-05-18,2021-12-23,39.33,"CSS LAB, CA US",0.9595,GHCND:USS0020K31S,METERS,-120.37
291,2343.6,1980-08-05,2021-12-23,39.0,"RUBICON NUMBER 2, CA US",0.9962,GHCND:USS0020L02S,METERS,-120.13
292,2337.8,1979-09-17,2021-12-23,38.85,"ECHO PEAK, CA US",0.9806,GHCND:USS0020L06S,METERS,-120.08
293,1900.7,1978-09-30,2021-12-23,38.93,"FALLEN LEAF, CA US",0.9768,GHCND:USS0020L10S,METERS,-120.05
294,9.4,1943-01-01,2021-12-23,33.8116,"LONG BEACH DAUGHERTY AIRPORT, CA US",0.9176,GHCND:USW00023129,METERS,-118.1463
295,149.0,1937-10-01,2021-12-23,35.4344,"BAKERSFIELD AIRPORT, CA US",1.0,GHCND:USW00023155,METERS,-119.0542
296,1250.3,1895-01-01,2021-12-23,37.3711,"BISHOP AIRPORT, CA US",0.7388,GHCND:USW00023157,METERS,-118.358
297,29.6,1944-01-01,2021-12-23,33.938,"LOS ANGELES INTERNATIONAL AIRPORT, CA US",0.9922,GHCND:USW00023174,METERS,-118.3888
298,4.6,1939-07-01,2021-12-23,32.7336,"SAN DIEGO INTERNATIONAL AIRPORT, CA US",0.9999,GHCND:USW00023188,METERS,-117.1831
299,4.6,1941-11-10,2021-12-23,38.5069,"SACRAMENTO AIRPORT ASOS, CA US",0.96,GHCND:USW00023232,METERS,-121.495
300,22.6,1930-06-14,2021-12-23,36.6636,"SALINAS AIRPORT, CA US",0.9837,GHCND:USW00023233,METERS,-121.6081
301,2.4,1945-07-01,2021-12-23,37.6197,"SAN FRANCISCO INTERNATIONAL AIRPORT, CA US",0.9986,GHCND:USW00023234,METERS,-122.3647
302,7.9,1941-02-20,2021-12-23,37.8891,"STOCKTON AIRPORT, CA US",0.9055,GHCND:USW00023237,METERS,-121.2258
303,5.5,1999-06-06,2021-12-23,37.9917,"CONCORD BUCHANAN FIELD, CA US",0.9998,GHCND:USW00023254,METERS,-122.055
304,73.8,1948-01-01,2021-12-23,34.8994,"SANTA MARIA PUBLIC AIRPORT, CA US",0.9999,GHCND:USW00023273,METERS,-120.4486
305,6.1,1941-12-01,2021-12-22,40.8097,"EUREKA WEATHER FORECAST OFFICE WOODLEY ISLAND, CA US",1.0,GHCND:USW00024213,METERS,-124.1602
306,107.6,1892-01-01,2021-12-23,40.1519,"RED BLUFF MUNICIPAL AIRPORT, CA US",0.966,GHCND:USW00024216,METERS,-122.2536
307,151.5,1986-09-01,2021-12-23,40.5175,"REDDING AIRPORT, CA US",0.9999,GHCND:USW00024257,METERS,-122.2986
308,101.5,1941-12-04,2021-12-23,36.78,"FRESNO YOSEMITE INTERNATIONAL, CA US",0.9241,GHCND:USW00093193,METERS,-119.7194
309,13.1,1998-09-19,2021-12-23,37.6542,"HAYWARD AIR TERMINAL, CA US",0.9991,GHCND:USW00093228,METERS,-122.115
